{
	"class_name" : "PinholeCameraParameters",
	"extrinsic" : 
	[
		0.99009707493854759,
		-0.1403844086718046,
		-0.0,
		0.0,
		0.12099846510617247,
		0.85337273210836584,
		0.50706444515056825,
		0.0,
		-0.071183942290959229,
		-0.50204302394891509,
		0.86190814386693582,
		0.0,
		-2.3757689208005366,
		-0.59370775990152913,
		-0.14053725893647168,
		1.0
	],
	"intrinsic" : 
	{
		"height" : 1017,
		"intrinsic_matrix" : 
		[
			880.74783564877418,
			0.0,
			0.0,
			0.0,
			880.74783564877418,
			0.0,
			959.5,
			508.0,
			1.0
		],
		"width" : 1920
	},
	"version_major" : 1,
	"version_minor" : 0
}